titre,realisateur,acteur
Billion finally project.,911,711
Even.,335,131
Member me.,644,323
While wrong ask late.,621,889
Follow similar woman.,496,760
Later effort.,694,525
Sister entire two.,569,407
Impact write oil.,193,538
Billion likely.,834,202
American especially last.,120,307
Them what pretty.,247,22
Worker TV what.,679,221
And east.,47,846
Level us improve.,201,924
Recently place establish voice.,254,144
Side down become.,900,779
Bit stock.,573,99
Common almost heavy.,774,895
Generation thank.,922,772
Evening theory live new.,410,151
Decide pull court.,691,679
Wind can but.,437,878
Enough weight.,715,658
Else laugh.,260,320
Few development.,119,552
Lot art.,626,324
Apply success.,617,393
Degree difference guess international.,609,377
Pass.,213,755
Professional.,679,32
Art PM responsibility.,807,739
Three serious responsibility.,807,858
Force foot race.,62,139
Move because.,627,465
Operation central training.,723,453
Space eye since.,978,532
Must describe raise hand.,612,577
Show could test.,535,945
Show could test.,365,619
Free above.,811,581
Artist bit nothing.,837,993
Painting there.,290,548
Daughter morning.,665,610
Discover air television.,228,171
West Republican.,203,56
Recently up.,74,263
Top could American.,736,182
Politics form race.,736,593
Later figure get.,842,555
Morning sing ability.,906,349
Crime morning.,530,126
Table understand.,335,225
Computer great tell.,193,286
Help agreement may.,45,386
Give significant leave.,53,49
Adult community.,865,401
Window carry.,183,192
Adult community.,58,643
Mean tend.,606,229
Interest guy cultural.,864,720
Enter million.,612,561
Student necessary.,197,948
Determine several.,938,477
Impact write oil.,892,552
Go game.,53,872
Sign.,112,171
Institution range maintain.,787,297
Area dream now.,488,396
Light course picture edge.,100,713
Break response.,428,584
Organization attack.,832,928
Option court couple.,892,331
Read look.,739,509
Art sort.,774,585
Majority foreign collection.,961,315
Light course picture edge.,61,643
Artist seek.,665,60
Program determine shake home.,143,772
Degree language final contain.,643,80
Three serious responsibility.,896,647
A beautiful.,366,741
Mouth nearly.,112,501
Still usually.,766,824
Able senior.,129,183
Without real account.,335,433
Choose myself him.,284,629
Day room.,959,927
Skin special figure.,939,431
Enough system.,194,128
Challenge option only.,371,29
Whole affect.,561,486
Health participant main.,477,109
Task music weight.,42,263
Family enjoy.,610,29
Ask hold.,333,144
Enough system.,520,494
Walk financial.,742,16
Light name.,177,937
Together news various every.,659,213
Must poor than where.,714,464
Lawyer find popular.,429,62
Race represent shoulder.,521,332
When.,812,715
Size.,166,236
Several actually message.,106,757
Human.,769,286
Writer response official.,372,207
Heart teacher will.,31,378
Million leave likely.,692,412
Development.,432,263
Which side.,45,960
Easy black.,864,420
Seat particular.,511,400
Race.,503,789
Avoid institution special.,687,881
Give letter thousand.,443,177
Whatever rise.,10,136
Than who.,70,505
Gun feeling food.,250,458
Sure floor.,677,617
Capital to.,233,370
Sure want.,248,390
A cost.,602,332
Every way.,731,771
Feel resource.,119,148
Idea sometimes.,509,404
Realize than.,827,610
Site large participant.,960,969
Trade rise.,612,23
Suddenly various left.,892,172
Institution range maintain.,914,561
Order magazine people.,977,953
Design chair how.,156,740
Read real.,129,328
American hear.,929,641
Traditional these.,643,907
Huge attention start.,14,988
Consider wrong inside mention.,21,348
Nothing.,644,809
Him special energy start.,612,443
Not tend part.,221,353
Fast customer responsibility.,514,4
Student ten lay become.,774,676
View these.,776,243
First professor director.,162,226
Enter million.,167,113
Check.,568,990
Member me.,227,853
Care hospital risk.,494,866
Deal civil.,633,591
Song finally accept.,190,440
Risk research.,665,433
Apply success.,486,457
Say include.,604,164
Nice show.,998,145
Save him I.,361,435
Realize than.,229,556
Read look.,151,872
Sort.,147,43
Mouth nearly.,781,686
Although positive decade.,25,925
Allow tell senior.,721,272
Purpose join cover.,359,545
We opportunity information.,110,368
Thousand meeting their.,17,38
Water score analysis thank.,252,29
Decide pull court.,776,426
Room six.,612,204
After common many budget.,216,351
Fill.,953,790
Whole affect.,333,798
Nothing detail notice.,355,481
Me ever on.,526,985
Water score analysis thank.,604,19
After common many budget.,734,993
New relate.,148,132
Stage wait usually.,427,949
Customer low.,712,807
Level us improve.,578,372
Probably wall well.,625,340
Key week special.,339,380
Public time.,889,641
Level us improve.,38,869
During of.,320,184
Red degree lose.,526,862
Guy argue individual.,596,523
Determine several.,355,653
Especially level allow them.,754,432
Skill enough seven.,328,556
Chance option.,295,650
He back view.,945,719
Him side benefit.,328,599
Team industry share.,616,891
Recently up.,730,872
Modern edge lose.,50,347
American especially last.,882,912
Prove truth.,677,267
During house.,853,981
Movie lot house.,394,856
Key week special.,21,704
Throw anything first.,2,139
This.,160,728
Condition.,827,354
Kitchen quality.,906,751
Central.,283,771
Yes.,395,478
Leader performance.,577,929
Way buy relate.,131,203
Chair.,519,438
Option court couple.,31,372
Accept why medical.,520,963
Such probably.,274,924
When.,911,71
Garden certainly these.,176,846
Course produce information.,361,523
Add though edge stay.,14,236
Guy cover.,602,297
American hear.,656,498
Style prove.,442,408
Apply success.,543,114
Work white argue.,444,188
Message wrong option.,411,340
Man choose.,995,516
Win among office learn.,443,101
Over another physical.,375,95
Activity.,106,479
Him special energy start.,570,933
Result season follow.,321,829
Born magazine hope.,724,636
Born magazine hope.,368,201
Avoid institution special.,655,169
Both husband.,148,514
Live explain meeting early.,944,995
Course religious table.,687,338
Give significant leave.,128,857
Television rest skill important.,742,816
Fund stay.,638,554
Explain serve.,361,90
Idea sometimes.,168,713
Current blood education.,171,117
Develop or him.,958,30
According hand.,939,398
Work white argue.,739,290
Fast character individual cultural.,1,474
Surface quite.,660,664
Human air new.,118,911
That least dinner.,641,765
Director last role.,540,267
Media picture.,14,497
State if simple.,442,338
Despite that.,627,27
School prove reason.,335,993
Argue ready.,400,322
Sometimes pattern.,409,951
Beyond team sport street.,34,754
Stage natural.,182,135
Style prove.,113,656
Possible and.,521,812
Lot art.,100,754
Apply success.,170,956
While wrong ask late.,72,497
Sure floor.,272,952
Fear book.,18,48
Officer concern travel.,605,846
Course produce information.,454,136
Whom contain others.,174,91
Score front.,892,708
Capital church realize.,438,392
Daughter morning.,609,391
West Republican.,184,253
Manage maybe little four.,547,908
Program determine shake home.,0,965
Half happy drop.,344,793
Impact year since.,287,650
Remember.,855,176
Stuff significant.,372,749
Entire carry.,229,682
Me someone white.,769,918
Probably how past.,326,853
Then enter door.,692,726
Hour type.,176,190
Suggest prove.,963,167
Give letter thousand.,358,782
Act area seek across.,829,510
That least dinner.,160,917
Chance option.,977,913
Beautiful always.,38,31
Nothing.,643,354
Suddenly discuss.,76,967
Read look.,822,610
Accept why medical.,375,148
Or scientist.,576,706
Him special energy start.,323,675
Add thus provide.,813,427
Single head as wide.,986,894
Industry determine.,733,807
Behavior agency.,429,83
Apply success.,538,731
Hit character.,126,650
Business various technology.,171,274
Begin lead lose foot.,815,777
Mouth year wife evidence.,11,379
Area dream now.,869,379
Management allow control boy.,608,468
Simple bring.,938,707
Scene scene after.,977,203
Skin special figure.,455,665
Bad mother wear.,515,86
No friend according couple.,43,223
Human air new.,472,646
Too oil.,333,136
Which side.,188,203
Yourself sister.,180,573
Seat particular.,656,398
Public time.,282,688
Contain trip your main.,121,252
Man choose.,334,105
Remember.,552,278
On very training.,314,830
Reflect ability huge.,739,385
Threat when.,374,145
Take show.,128,501
Day anyone safe.,157,762
Stop inside with.,579,36
Learn bank art.,292,16
South back.,176,818
Choose.,194,77
Half in where.,272,173
Own ready treatment job.,569,763
Art senior continue value.,229,342
Art baby.,108,957
Nearly able hot.,765,658
Billion enough.,774,58
Must air suddenly.,328,39
Feel risk.,914,185
Exist language dark.,515,848
Physical half series.,110,634
Campaign.,916,875
Better skill.,884,281
Who subject board.,535,369
Billion enough.,821,560
Table measure base.,629,557
Stage wait usually.,224,520
Room six.,655,437
Small painting.,38,714
Since traditional.,838,839
Although dark.,235,703
Capital to.,890,329
Lose site reflect.,212,199
Seek TV smile.,852,920
Student necessary.,721,791
Realize than.,355,913
Degree difference guess international.,177,980
Apply manage.,520,363
Interest guy cultural.,970,772
Five politics.,157,459
None hold option.,842,278
Artist bit nothing.,887,687
Too oil.,214,157
Development laugh.,834,301
Nice among.,341,88
Section attack serve.,241,468
Over another physical.,113,526
Morning personal require.,969,576
Live seem walk history.,335,742
Thousand meeting their.,21,594
National eye top.,328,130
Art baby.,41,205
Number hand last.,178,43
Effort sound move.,167,611
When.,486,27
Whose certainly situation this.,288,726
Industry determine.,762,6
Particularly something pay.,499,909
Morning concern.,444,505
Expert activity so.,157,643
Guy argue individual.,769,103
Everyone war modern.,550,914
Finally.,283,782
House cause force.,566,604
Catch idea.,199,207
Person open yet.,430,825
And lot.,281,544
Recently appear official.,683,110
Upon benefit later.,306,883
Me ever on.,927,75
Thing agency beautiful.,625,289
Organization attack.,813,410
Onto half.,943,233
Practice still without.,540,441
Project.,838,11
Hour scene.,642,932
Free above.,235,343
South back.,954,789
Attorney none.,307,916
School prove reason.,338,174
Teacher walk.,608,5
Human.,907,566
Production become himself.,728,941
Public time.,28,799
Factor ahead.,882,896
Life degree daughter general.,180,925
Beautiful always.,177,963
Million next black.,81,551
Claim space.,91,244
Teacher attention.,131,306
People somebody.,860,176
After common many budget.,945,759
Matter cultural perform.,721,15
Major truth voice.,72,488
Challenge option only.,332,786
Analysis enough worker.,576,125
Structure ten.,250,805
Material question.,171,381
Small painting.,79,217
Age economy reflect economic.,394,133
Condition offer yard.,977,187
Indicate another.,744,260
Central.,692,605
Strategy business.,922,925
Care according.,848,485
Apply manage.,953,836
Late lead.,247,329
During of.,588,463
Environmental situation.,697,695
Answer other sign.,961,987
Structure.,900,818
Ask test note.,129,546
Race national test.,337,5
West Republican.,177,900
Movie.,242,621
Agency take.,143,227
Dream one phone.,118,138
Together top bill.,190,347
High leave.,182,886
Indeed rather once.,889,613
Above right.,767,317
Character.,71,792
Issue fill sit.,697,104
Watch.,835,416
Truth realize.,643,793
Put travel.,467,736
Deep evidence sell.,153,414
Key week special.,966,647
Explain TV list.,56,418
Above right.,387,982
Prove wife.,178,820
Professional.,231,748
Significant item message.,602,328
Suddenly discuss.,72,668
Ok.,767,819
Food she.,582,738
Science throughout.,17,356
Everyone only.,734,82
Tell.,865,296
Church treatment.,834,133
Above right.,824,2
Threat fire.,719,844
Course how power south.,101,518
Structure ten.,992,160
Low prepare east.,557,607
Little reduce.,96,156
Officer concern travel.,974,258
Trade big.,447,867
Bad mother wear.,190,887
Everyone war modern.,106,66
Job describe.,568,30
Capital to.,767,703
Million next black.,612,702
Course produce information.,499,384
Here nothing.,980,932
Practice still without.,151,561
Necessary keep.,821,626
Nearly able hot.,933,909
Knowledge rather.,274,142
Race represent shoulder.,550,638
More college.,38,568
Professor with.,609,734
Particularly something pay.,6,912
Mrs exactly painting.,721,263
Program determine shake home.,331,859
Again note every.,188,677
Tough include history.,621,234
American hear.,51,536
Leader performance.,520,434
Degree difference guess international.,723,337
Care hospital risk.,767,669
Actually type participant feel.,292,650
Address take.,106,220
Live live.,893,447
Goal ground leader.,156,709
Return decide whom.,328,222
Name test.,889,881
Course far option.,638,804
Home experience cost bar.,160,870
Billion finally project.,945,624
Behavior agency.,604,660
Service southern.,734,207
Result stage pattern million.,824,402
Plan claim scientist.,992,11
Term give defense.,858,854
Middle.,243,947
Recognize participant.,886,190
Common almost heavy.,969,710
Matter statement else.,335,586
Get enough center week.,609,929
Such fine economy.,452,518
Short will piece end.,306,763
Help arm ground.,447,593
Half happy drop.,420,876
Hour type.,184,760
Thank peace.,32,378
Help agreement may.,976,572
Hotel near.,260,778
Small painting.,884,600
Get page.,655,338
Explain serve.,706,896
Computer threat live.,588,977
Official.,633,517
Knowledge product.,906,828
Voice blood.,230,963
Suggest prove.,425,739
Bag company.,329,845
Indicate another.,363,643
Stage natural.,480,973
Find economic.,864,356
Me someone white.,363,427
Professional.,945,290
Add thus provide.,949,557
Throw anything first.,969,103
Who subject board.,153,422
Without real account.,657,71
Will society.,177,200
Letter leg.,427,229
Party.,167,687
Customer low.,63,646
Chair.,860,734
Recognize participant.,207,199
Him side benefit.,821,568
Stock.,665,928
Civil while both.,34,38
Accept why medical.,587,146
Feel risk.,613,850
Board until work.,837,811
Field program keep.,608,283
Amount we attention.,997,367
That least dinner.,836,767
Begin lead lose foot.,644,44
Occur trial buy.,491,621
Sister third camera.,450,267
Statement nor.,950,143
Eight right poor.,365,283
And.,574,237
Offer assume.,509,663
Door prevent yes.,501,747
Pattern rather understand marriage.,378,194
Material question.,56,6
Race military.,129,442
Personal rich.,998,339
Task music weight.,69,392
Force foot race.,182,537
Billion.,409,536
Or scientist.,787,183
Structure ten.,248,127
Scene scene after.,762,589
Sometimes pattern.,689,107
Individual identify pay.,842,17
Culture fast today.,937,544
Expect article.,785,531
Skill enough seven.,544,798
Since deal affect.,213,208
During house.,108,587
Central.,676,142
Three ten large fine.,204,560
Program reach up despite.,227,85
Table measure base.,927,573
Explain TV list.,610,578
Foot heart our smile.,380,716
Human air new.,368,917
Claim spring his.,113,964
Region.,302,198
Half newspaper hope.,747,404
Fund throw.,791,37
Party.,410,320
Rule effect.,428,205
Even wall.,640,508
On who.,241,532
Somebody feel herself.,305,57
Low prepare east.,724,289
Few development.,569,64
Indeed senior price.,767,315
Chair minute.,660,369
Recently understand.,245,612
Three serious responsibility.,177,26
Rise hotel.,640,611
Recognize change.,250,420
Walk enjoy.,739,320
Report.,342,210
Himself opportunity list.,62,490
Less.,490,500
Dog throughout.,723,930
Party.,113,863
Accept why medical.,190,151
Thank peace.,617,636
Movie require.,411,573
Day room.,147,631
Court.,35,700
On who.,276,999
Nice left above.,970,666
Approach argue.,914,553
Risk research.,52,273
Him side benefit.,447,654
Father four.,712,260
Health participant main.,689,658
Beat toward.,489,942
Half newspaper hope.,739,431
Course produce information.,260,635
Everyone none.,339,659
Environmental situation.,637,766
Artist seek.,427,566
Decade three time.,552,593
Lose actually.,861,798
Necessary student because list.,547,74
My none.,950,662
Computer threat live.,231,539
Lose site reflect.,978,384
Recently place establish voice.,262,223
Result season follow.,287,944
Yourself sister.,358,46
Industry vote.,21,713
Suddenly various left.,860,410
Time part.,58,592
Human center commercial.,528,962
Will society.,333,710
Sister entire two.,151,541
Dog exactly according.,177,181
Performance itself year.,511,138
Environment stuff.,526,431
Care hospital risk.,182,806
Government shake something.,242,144
Soon firm sell.,213,113
Leader yeah less.,948,867
Student ten lay become.,912,472
Area across.,258,278
Discover air television.,489,615
Offer century road.,980,892
Use.,825,674
Leader yeah less.,550,263
Common almost heavy.,449,544
School performance.,442,166
Certain blood.,966,788
Computer great tell.,902,78
Enter million.,509,471
Move because.,813,773
To whether.,824,796
Everyone war modern.,774,255
Upon magazine writer.,606,240
Threat when.,117,331
Matter statement else.,667,39
Tell.,908,404
Nice show.,387,955
Time part.,922,500
Yeah send.,142,184
On billion.,334,208
Offer.,494,545
Hotel possible.,271,351
Type nature.,689,56
Reflect ability huge.,167,953
Sell fact.,176,308
Wall fight story important.,447,446
And east.,359,169
Draw why.,526,64
Condition still college.,260,850
Site exist key.,406,497
Student ten lay become.,776,2
Letter leg.,608,482
My none.,242,48
Among top economic.,865,97
Deal civil.,655,758
Ask hold.,499,599
Trouble true social.,604,497
Mrs exactly painting.,18,482
Strong bed security.,438,886
Project brother.,157,470
Choose myself him.,564,306
Young before.,264,173
Human air new.,175,209
Brother kid.,634,929
Lot art.,766,864
Structure.,334,495
Together top bill.,63,631
With order.,785,472
Ever.,443,219
Fast character individual cultural.,855,992
Miss.,47,5
Its tax reason.,254,933
Still treatment service.,0,821
American especially last.,400,384
Nature in not.,590,286
Bank floor really.,554,539
Officer party suggest.,993,907
Ok reason give man.,749,953
New detail detail price.,117,510
Small painting.,66,205
Into class.,119,449
Some husband give alone.,571,625
Will especially.,167,166
Live live.,333,402
Toward sport.,561,747
Central skill service.,976,503
More fund way group.,161,290
Beat toward.,478,154
Senior notice then.,953,27
Wind can but.,679,557
Foot heart our smile.,0,69
Trouble claim.,177,25
Water score analysis thank.,512,203
One bit method.,520,692
Fire claim.,119,724
Thank peace.,864,782
Build maintain.,56,551
Strong bed security.,18,125
Why shake issue.,977,91
People somebody.,412,500
Add though edge stay.,92,650
Challenge commercial.,864,983
Open share and.,477,295
Young before.,359,525
Matter cultural perform.,900,712
Task music weight.,684,114
Available marriage him boy.,909,629
Church treatment.,850,82
Whether pay.,587,826
Plan them will hundred.,628,560
Throw concern.,254,10
Store executive.,860,60
Current blood education.,260,276
Throw anything first.,427,283
Say include.,665,999
With order.,949,140
Front practice admit.,295,481
Still treatment service.,807,810
Certain blood.,395,832
Too oil.,500,447
Trade big.,629,82
Individual identify pay.,992,203
We once back.,850,643
Standard situation ever.,774,578
Enough weight.,634,188
College note.,687,216
Pattern rather understand marriage.,291,983
Grow draw control worry.,844,462
Animal general consider method.,21,569
Impact year since.,577,510
Still treatment service.,500,849
Front study sometimes.,328,319
Strong bed security.,68,684
A move wear professor.,658,328
Break response.,815,273
Reflect conference raise.,882,667
Young without.,774,276
Mrs exactly painting.,605,208
Movie.,731,250
Both could cause.,734,192
Million leave likely.,222,573
Standard situation ever.,36,493
Beyond team sport street.,375,314
Sister entire two.,715,728
Up chair.,176,677
Student.,488,357
Amount somebody those voice.,11,830
Yet enter our.,572,477
Organization attack.,932,660
Thank peace.,835,224
Easy black.,769,758
Structure.,100,467
Open make maybe get.,344,987
Argue ready.,456,712
Yeah send.,759,582
College area ability.,848,870
Song finally accept.,354,58
Morning sing ability.,499,893
Light name.,434,417
Call television maybe option.,373,786
Middle PM one.,450,930
Card natural.,778,559
Mind west participant.,760,55
Tend character.,18,394
Read real.,986,699
Standard situation ever.,72,69
Above right.,1,668
Job democratic.,960,473
Develop or him.,367,116
He cause support.,254,682
Line worker.,62,697
Level us improve.,605,562
Politics form race.,572,38
Threat when.,96,729
Fast political.,375,255
Seat particular.,960,872
Seek.,282,519
Though stock.,31,58
Amount we attention.,359,980
Trade drop under.,31,726
Whom ago travel.,986,985
Suffer hotel off.,118,149
Toward sport.,644,572
Art PM responsibility.,743,507
Such fine economy.,305,446
Movie require.,604,883
Necessary student because list.,744,548
Artist seek.,409,937
Reflect conference raise.,949,883
Care bill.,657,762
Realize than.,157,505
Simple bring.,602,819
Major truth voice.,58,328
Me ever on.,320,383
Style prove.,477,645
Yourself ever.,734,562
Avoid institution special.,434,887
Manager treatment.,521,627
Lose actually.,612,256
Trade rise.,42,940
Standard deep through.,829,262
Art sort.,411,609
More college.,514,840
Scene vote.,526,122
Series bank green.,66,730
Even wall.,727,855
Necessary student because list.,3,141
Commercial nation.,167,222
Professor everybody.,494,557
Add though edge stay.,803,783
Team industry share.,815,117
Course how power south.,326,755
Painting there.,668,368
Return decide whom.,14,507
That bag listen happy.,530,226
Debate over book.,371,852
Too agent company.,500,357
Citizen difference.,174,161
Who look happy.,602,109
Choose myself him.,204,760
Choose.,329,740
Move because.,511,890
Painting think attack.,616,483
Before store law.,721,756
Father four.,334,257
Debate over book.,712,573
Outside she himself.,260,373
Enter million.,677,675
That bag listen happy.,290,123
Yes former field.,172,60
More college.,774,373
Career item hold.,805,137
Sure want.,307,852
Sister third camera.,629,76
Knowledge rather.,534,213
Add though edge stay.,2,259
Begin lead lose foot.,208,222
Set.,976,903
Per physical leg.,395,817
Region.,569,12
Rule effect.,344,515
Writer response official.,104,527
List benefit.,260,377
Wait return participant.,62,293
View these.,938,890
Interview should because.,587,454
Hope through.,572,490
Language data.,779,373
Price spring effect.,419,84
Speech well.,832,541
Age economy reflect economic.,494,516
Claim space.,644,959
Discuss cold social.,547,403
Return account campaign.,100,440
Customer low.,869,485
Will especially.,936,950
Everyone none.,405,164
Prevent red special.,38,935
Director last role.,453,638
Enter million.,474,63
Tv address become education.,51,644
Eat challenge.,896,408
Option court couple.,595,485
Call those prove.,106,238
For.,401,166
Explain benefit ball.,791,327
Suggest.,665,523
Energy price affect.,729,964
Energy price affect.,586,698
According hand.,578,387
Strategy business.,796,969
Daughter morning.,410,922
Necessary keep.,321,171
Go game.,858,276
Seek TV smile.,566,46
Here nothing.,810,426
Material probably father.,460,618
Deal card measure.,291,568
Standard situation ever.,520,420
Character year short.,334,341
Him special energy start.,698,96
Yourself.,221,418
Address take.,995,755
Billion.,706,554
Garden certainly these.,719,400
Necessary student because list.,53,331
Single character.,784,338
Explain TV list.,553,478
Knowledge rather.,230,820
Deal.,483,76
Suffer hotel off.,460,351
Yes former field.,704,590
A beautiful.,176,476
Candidate already success.,145,363
Scene vote.,255,851
Impact write oil.,774,731
Half happy drop.,338,691
Citizen difference.,580,483
Personal among address analysis.,852,496
Order simple.,759,727
Several about almost.,503,108
Development laugh.,263,952
Manage maybe little four.,644,591
House cause force.,79,986
Mrs soon concern.,443,989
Huge attention start.,369,377
Read real.,15,214
Week sit team.,980,973
Letter leg.,521,746
Practice still without.,731,361
Less.,366,628
Worker television.,394,443
Morning sing ability.,313,723
Guy cover.,575,134
Personal rich.,485,900
Threat fire.,569,599
Clear environmental.,659,749
Treat not.,503,529
Service degree according.,0,202
During house.,954,425
Price spring effect.,817,378
Life save heart.,609,641
Voice blood.,687,866
Stuff six radio.,18,161
Give letter thousand.,151,157
Practice still without.,474,253
Threat when.,963,841
Stuff six radio.,358,675
Huge attention start.,841,230
Huge perhaps.,711,525
Three style support.,103,139
This.,243,99
Its tax reason.,192,102
Stop paper police this.,957,963
Sure floor.,371,730
Adult community.,710,553
Rule effect.,146,579
He those reveal.,245,957
Tough international himself must.,412,96
Senior notice then.,520,878
Painting page.,530,934
Read real.,450,866
Project reduce although.,535,886
He cause support.,245,932
Me head special.,957,982
Church marriage help.,902,67
Man choose.,420,922
Message wrong option.,326,53
Sell fact.,198,602
Yourself.,254,379
Trip hotel.,453,217
Necessary they hit.,692,100
Behind very.,307,618
Recognize TV majority.,14,243
Color law international.,981,294
Will group.,25,318
Yet enter our.,776,518
Thousand meeting their.,263,134
Order simple.,272,553
Still usually.,515,376
Various market.,750,293
Task music weight.,961,960
Field program keep.,142,617
Operation central training.,703,180
Develop event recently.,329,637
Three style support.,893,186
Radio include never character.,63,198
Forget sell.,212,261
For.,905,120
Billion likely.,637,581
Store executive.,572,427
Check.,248,817
Morning personal require.,732,867
Teacher walk.,779,96
Painting page.,283,573
There ahead behavior.,774,748
Statement nor.,604,564
Store executive.,480,865
Suffer green.,244,193
Speech well.,569,194
Although dark.,174,305
Project reduce although.,739,739
Movie require.,117,78
Fast whose seek.,227,375
Painting ask blue.,805,995
Huge perhaps.,290,792
Service degree according.,657,418
Whole affect.,723,434
West Republican.,986,175
Trouble claim.,274,464
Mean tend.,438,974
Born magazine hope.,326,283
Walk financial.,561,639
Option natural old.,355,628
Throw anything first.,208,66
Common media.,781,434
Central operation.,72,543
Art baby.,474,466
Race.,47,944
Even.,865,806
Catch idea.,736,724
Rule effect.,45,223
Save him I.,216,899
Design chair how.,902,818
Realize morning.,180,378
Wait return participant.,472,590
Deal civil.,880,298
Major truth voice.,477,125
Country bit.,382,694
Agency take.,774,65
Particularly something pay.,754,636
Front study sometimes.,412,685
Term than.,650,537
Will any civil.,108,439
Air water above.,613,72
Government shake something.,657,806
Art sort.,969,215
Wall rise wife.,612,144
Thousand.,785,333
Thank without.,972,911
Per physical leg.,38,98
Clear hope difference.,438,353
Chair.,978,895
Reflect conference raise.,190,948
Claim hotel sea.,721,504
Course how power south.,822,582
Hit instead.,230,503
Dog exactly according.,734,909
While wrong ask late.,375,83
Sign bar.,779,649
Accept why medical.,437,641
Current blood education.,161,504
Even.,990,363
Who official.,860,687
Mention.,109,854
Must describe raise hand.,705,93
Buy pretty key.,451,531
Size.,449,773
Course how power south.,437,122
Claim space.,128,411
Well rock.,284,951
House cause force.,21,854
Who subject board.,314,550
Position or.,339,116
Even wall.,117,36
Trouble claim.,574,71
Building threat bar.,304,606
Thus energy box.,860,502
Explain wear would.,274,115
Read real.,268,527
Suggest.,86,828
Red degree lose.,18,345
Indeed rather once.,867,869
Light course picture edge.,428,922
Ask test note.,359,586
Section feeling machine.,34,549
Or scientist.,812,935
Such fine economy.,453,823
Citizen difference.,928,224
Nice among.,609,410
While wrong ask late.,542,655
Still usually.,602,674
Certain blood.,721,557
Continue increase.,602,773
Bill season.,151,743
Computer great tell.,346,200
Fast father.,969,721
State if simple.,530,415
Technology form.,230,589
Human their born.,701,688
Admit sit how.,605,515
Color law international.,212,923
Control.,646,426
Expert activity so.,880,455
Protect politics save hair.,754,392
Young without.,550,506
Together news various every.,995,432
Song.,836,163
Civil product.,90,305
Race manager.,194,657
Again note every.,314,407
Statement evening.,665,411
Address take.,332,502
Sign bar.,11,193
Score front.,747,866
Prove wife.,321,265
Even.,665,97
Floor growth special she.,477,118
Store focus.,640,43
College note.,580,331
Mother southern.,554,184
Human air new.,521,572
Again note every.,173,45
Prove truth.,314,700
Idea sometimes.,815,597
Capital laugh wind.,455,597
Personal rich.,151,943
Personal rich.,928,648
Thousand.,637,275
Church marriage help.,862,878
Senior notice then.,400,947
Catch director.,645,25
After common many budget.,650,820
Organization attack.,449,969
Care according.,572,536
Guy argue individual.,224,571
Necessary they hit.,361,16
There ahead behavior.,715,897
Teacher attention.,132,895
Job describe.,366,817
Customer low.,394,180
Attack want.,949,798
Activity.,282,266
Even.,268,844
Find economic.,574,29
Return decide whom.,56,258
System consider friend.,451,163
Fast customer responsibility.,38,835
Life save heart.,886,924
Race likely usually.,472,59
Whatever rise.,247,551
Mouth nearly.,58,118
Conference but.,491,427
No friend according couple.,547,317
Appear high stay left.,978,147
Program reach up despite.,173,989
Lose actually.,914,500
Leader performance.,247,808
Nothing.,212,788
Return account campaign.,779,879
Expert tree.,769,593
Guy argue individual.,411,552
Board until work.,566,920
Plan them will hundred.,320,176
Throughout happy.,100,940
Teacher attention.,178,836
Every way.,711,271
Month piece.,409,921
Nearly able hot.,938,83
Tonight task much agent.,66,898
Push assume anyone.,643,366
Huge.,192,69
Prove truth.,72,814
Baby choice.,307,680
This.,547,684
Argue state.,945,735
Establish serve.,907,220
Friend dark indicate.,266,211
Tv company evening.,395,292
Pretty.,282,509
Develop ready.,429,21
Nice tax nor.,258,824
Small huge race late.,837,191
Site exist key.,832,898
South back.,739,881
Course far option.,148,411
One bit method.,54,920
Generation thank.,299,252
Program reach up despite.,3,731
Organization attack.,253,198
Character year short.,633,200
Clear stand.,657,246
Control.,794,533
Ask test note.,808,858
Thank without.,167,668
A cost.,774,502
Check expert.,807,886
Beat toward.,922,761
Seat particular.,841,640
Course religious table.,274,124
Tv address become education.,725,780
Ask hold.,754,941
Expect article.,72,871
Thing agency beautiful.,328,152
Me role late.,128,794
Especially explain usually.,418,755
Human.,762,41
Forget only.,810,584
Church marriage help.,148,798
Scene vote.,121,449
Significant item message.,747,883
North often leader.,438,787
Recognize participant.,394,513
Each drug then.,867,725
Central skill service.,739,546
Training foot senior continue.,939,976
Wish own our else.,97,246
According hand.,609,121
Music contain rate long.,754,788
Nothing.,719,368
Sense above action.,180,962
Mind west participant.,811,91
Give letter thousand.,711,487
Really.,499,780
Professor threat.,361,306
Mrs soon concern.,944,832
Yourself.,161,501
Door prevent yes.,384,824
Claim hotel sea.,314,571
Size size.,171,694
Wall fight story important.,969,722
Poor give interest.,174,433
Movement.,686,320
Argue state.,710,273
Tv company evening.,58,156
Whom contain others.,641,711
Several about almost.,332,298
Build maintain.,335,847
Billion finally project.,472,588
Really.,450,300
A move wear professor.,229,903
Deal civil.,118,362
Capital church realize.,808,498
Major same economy.,545,905
Character year short.,975,52
Whose certainly situation this.,47,508
Painting ask blue.,520,133
Life save heart.,436,345
Door prevent yes.,557,771
Baby choice.,79,918
Risk research.,88,576
Term give defense.,266,814
Race represent shoulder.,577,202
Painting there.,285,428
Change just worker husband.,32,632
Call television maybe option.,724,963
Tell.,313,270
Forget only.,45,252
Whole affect.,181,982
Student ten lay become.,99,29
Add thus provide.,812,41
Matter statement else.,689,500
Performance itself year.,561,18
Later figure get.,2,447
During house.,106,165
Bill season.,569,675
Wish own our else.,893,567
Order simple.,197,298
Site large participant.,808,968
Seek.,81,781
Lose actually.,810,263
Deal card measure.,657,9
Sister entire two.,231,103
He cause support.,577,373
Age economy reflect economic.,103,971
Expert activity so.,914,692
Follow language present public.,990,784
Eat challenge.,174,813
Character.,372,139
Deep per.,668,614
Add though edge stay.,986,780
Ok reason give man.,836,115
Either wide pull.,904,733
Population just.,880,103
Find guy plan.,442,455
Hotel near.,964,766
Store executive.,190,817
Without usually create.,339,755
Treat not.,221,192
Morning.,287,618
American hear.,358,650
Behavior.,488,737
Hotel possible.,374,916
Art sort.,434,153
Structure sometimes country anyone.,714,939
Really.,896,381
Attack want.,691,457
Painting there.,29,976
Program reach up despite.,63,374
Act area seek across.,781,571
Wind can but.,288,731
Discussion clearly.,880,490
Late lead.,834,196
Light name.,499,515
Manager outside.,499,803
Appear high stay left.,106,394
Door prevent yes.,0,791
Certain blood.,785,293
Fund stay.,274,686
Air water above.,147,892
Region alone almost year.,637,691
Work international.,803,857
Exactly film.,66,147
Several actually message.,303,85
Purpose join cover.,361,607
Morning concern.,314,606
Individual identify pay.,177,700
And east.,258,33
Work.,521,483
Work white argue.,617,427
Light course picture edge.,602,651
Claim when day.,905,682
Personal among address analysis.,555,518
Simple bring.,10,551
Entire carry.,177,249
Run fight.,972,860
Fast customer responsibility.,703,306
He cause support.,832,483
Read real.,774,632
Save him I.,47,803
Care according.,853,345
Such probably.,461,253
College area ability.,515,692
Speech well.,754,620
Interest guy cultural.,517,497
Her wall.,780,804
Accept why medical.,146,213
Foot heart our smile.,31,827
Career over.,453,346
Every way.,74,422
Dream one phone.,963,978
North dark large skill.,791,134
Trade big.,640,614
Even.,954,15
School performance.,394,860
Nothing detail notice.,142,243
This.,32,987
That least dinner.,602,163
Sure want.,290,848
During of.,334,93
North often leader.,528,317
Call each role.,654,357
Majority.,767,359
Race national test.,916,504
Certain party nothing.,153,1
One whom.,627,610
Way buy relate.,291,729
Guy argue individual.,167,248
Early participant direction.,500,800
Apply success.,62,574
Truth realize.,260,53
Continue own.,198,863
Month piece.,602,352
Choose.,966,938
State if simple.,384,537
Red short.,11,823
Save him I.,137,296
Bill trial service.,92,415
Build maintain.,727,256
Beautiful always.,931,118
Baby guess.,867,564
Others.,928,263
Nice left above.,902,452
Window carry.,134,295
Side down become.,31,422
Recognize TV majority.,867,969
Though stock.,963,114
Card natural.,837,185
Thousand meeting their.,575,369
Organization attack.,781,694
Whom ago travel.,358,825
Organization attack.,569,628
Decide pull court.,769,434
Wall fight story important.,444,613
Upon magazine writer.,904,364
Current blood education.,547,569
Interest pressure.,177,841
Option court couple.,902,259
Billion.,535,109
Two administration product.,63,75
Each drug then.,850,83
Media picture.,542,46
Nature respond.,530,874
Evening theory live new.,655,50
New relate.,73,702
Want his service.,341,943
Yourself ever.,146,890
Not tend part.,864,255
Claim space.,689,685
Another.,213,476
Trip hotel.,896,911
House cause force.,903,25
Stop paper police this.,161,684
Check expert.,911,843
Player carry.,28,389
Artist seek.,151,990
Pretty.,192,564
Bill trial service.,197,294
Mrs exactly painting.,728,474
Debate over book.,976,695
Lead federal cut.,151,115
Production become himself.,112,723
Bad mother wear.,71,8
Environmental situation.,282,160
Artist decision.,177,99
Three style support.,972,392
Control its.,206,522
He those reveal.,627,473
Enough weight.,553,312
Movie require.,779,660
Pass.,145,166
Professional.,358,661
Huge attention start.,434,223
Ready thought.,198,205
Particular citizen edge.,961,427
Manage maybe little four.,998,597
Water score analysis thank.,667,804
Better skill.,480,960
Billion likely.,547,340
Enter million.,911,532
Job democratic.,969,670
Throw side return.,640,31
Or scientist.,824,864
Effort sound move.,869,449
Article car face.,608,337
Determine several.,895,855
Know.,604,689
Director last role.,575,577
Ten reflect election.,862,483
Music contain rate long.,903,647
Technology form.,730,400
Live seem walk history.,646,535
Wait return participant.,791,872
Little war.,552,865
Degree difference guess international.,110,360
Certain prevent.,173,77
Whom contain others.,260,877
Despite that.,948,245
Claim hotel sea.,489,827
Politics western type.,358,352
Watch.,359,254
Necessary they hit.,774,419
Building race.,14,554
Fear without.,530,489
Explain TV list.,28,165
Wall fight story important.,980,538
Morning sing ability.,74,355
Class will.,812,333
Nothing nation exist.,889,192
Yourself.,739,243
Even wall.,250,348
Industry determine.,721,374
Expert tree.,528,811
Painting ask blue.,568,964
Education term.,478,187
Suffer hotel off.,287,28
Ever.,835,907
Care according.,694,529
Member me.,519,383
Sure floor.,572,185
Order simple.,38,361
Should cell around eye.,488,997
Level us improve.,383,936
Ask hold.,198,535
Learn me.,36,806
Free accept history.,758,944
Bad mother wear.,188,968
Several.,957,365
Live live.,292,188
Energy price affect.,335,951
Discuss cold social.,157,469
Operation central training.,355,734
Partner be us determine.,550,133
Impact year since.,571,456
Seat particular.,341,12
Add though edge stay.,411,796
Hotel possible.,697,119
Consider wrong inside mention.,304,67
After common many budget.,384,576
Decision many true ball.,177,393
Result stage pattern million.,499,261
Probably how past.,126,771
Threat when.,151,283
Organization attack.,194,810
Quickly across.,350,239
Yeah send.,761,867
Low prepare east.,52,698
Technology form.,970,8
Degree language final contain.,736,670
Player fight system experience.,992,332
Major same economy.,651,674
Area across.,966,914
Professor six series.,903,291
Practice still without.,595,496
Actually type participant feel.,36,657
Agency take.,223,825
Dog exactly according.,132,922
Character year short.,263,842
Attorney none.,491,99
Commercial nation.,634,187
Lose actually.,333,396
And lot.,985,591
Matter statement else.,515,471
Environmental fund.,520,957
Friend dark indicate.,832,887
Available marriage him boy.,841,47
Long at five.,461,840
Form let performance.,71,375
Board until work.,372,385
Dog exactly according.,867,137
Air water above.,520,404
Could later.,117,164
Skill enough seven.,221,831
Use.,573,468
Majority.,314,709
Free above.,906,490
Deep evidence sell.,410,191
Job describe.,288,318
Answer other sign.,689,432
Somebody feel herself.,550,389
Which side.,844,8
College area ability.,759,69
Word important too.,176,92
No friend according couple.,304,813
Pretty.,608,747
Field program keep.,248,204
Fill.,573,339
Scene scene after.,855,968
Space eye since.,876,614
Sense above action.,660,337
Civil product.,526,616
Them work.,734,136
Training foot senior continue.,957,291
Though stock.,734,506
Help agreement may.,887,880
Although when nothing.,869,733
Expert tree.,328,474
Realize morning.,687,523
Necessary student because list.,515,916
Significant item message.,62,613
Future find.,81,541
Central skill service.,499,228
Without usually create.,162,314
Serve little.,966,597
Radio include never character.,121,249
Full foreign back.,944,693
Discuss cold social.,935,608
Despite during.,167,609
That bag listen happy.,37,996
Condition still college.,734,999
Realize morning.,338,370
Particularly something pay.,329,503
My none.,460,480
Seat particular.,74,734
Room six.,612,995
Course religious table.,302,343
While wrong ask late.,184,610
By tax goal.,846,471
Decide pull court.,156,94
Poor give interest.,853,414
Agency take.,395,0
Throughout happy.,372,806
Thousand meeting their.,853,554
Poor.,631,111
Necessary student because list.,659,456
Though participant.,314,244
Play.,384,249
Fast customer responsibility.,453,5
Water score analysis thank.,245,941
Position or.,189,472
Everything will agreement.,228,220
Day room.,167,643
Follow language present public.,369,245
Condition.,736,512
Claim when day.,425,610
Hot high might.,731,350
Degree difference guess international.,332,551
Without real account.,774,803
Price spring effect.,617,514
Similar parent method.,184,377
Environmental situation.,118,432
Little quite.,436,646
Develop or him.,808,784
Operation central training.,363,879
Sign.,582,374
Low prepare east.,566,824
Her wall.,145,991
Sign.,656,171
Hotel possible.,188,521
Class will.,526,910
Leg ago bit.,43,820
Morning.,634,378
Poor worker indicate.,692,780
Half about gas.,2,165
Thousand meeting their.,573,571
Answer other sign.,526,229
Party.,436,805
Suffer green.,754,700
Protect politics save hair.,533,718
Age economy reflect economic.,113,706
Late lead.,451,902
Care hospital risk.,428,56
Free above.,109,920
Short will piece end.,660,2
Control its.,706,727
Against garden hot.,206,112
Eat challenge.,76,10
Traditional quickly.,451,267
Huge perhaps.,656,648
Project reduce although.,895,787
Threat fire.,980,727
Executive individual.,774,738
Include land politics.,876,672
Too oil.,340,180
Story natural.,966,755
Artist bit nothing.,9,491
Light course picture edge.,167,210
Skin special figure.,791,431
Me head special.,913,878
Ok reason give man.,252,406
Age economy reflect economic.,223,698
Allow tell senior.,118,599
Drug listen.,602,91
Age economy reflect economic.,964,22
Service degree according.,18,426
Nothing nation exist.,900,530
Treat not.,571,227
Control garden hospital.,143,633
Save him I.,891,893
Catch director.,451,814
Three serious responsibility.,500,2
More college.,197,151
Young.,14,705
Play.,577,299
Bit stock.,608,739
Government shake something.,217,208
Little reduce.,268,965
Set.,447,527
House cause force.,838,572
Yes.,347,579
Trouble claim.,517,133
Door prevent yes.,791,908
Human their born.,451,611
Program reach up despite.,528,94
Class will.,160,626
Course far option.,129,656
With order.,232,518
Check expert.,67,646
Structure child will establish.,803,685
Rule effect.,17,574
School performance.,877,459
Campaign computer.,679,7
Management allow control boy.,97,345
Matter cultural perform.,913,255
Trade big.,347,561
Will any civil.,177,480
Area put.,656,578
Pretty.,198,998
Window carry.,734,735
Determine several.,972,410
Tell.,477,102
Thousand.,480,7
Trade big.,534,821
Room six.,596,453
Middle PM one.,373,110
Claim when day.,555,694
Name test.,99,78
Less.,346,572
Safe soldier hair.,978,72
Area across.,677,439
Huge language week.,112,373
Structure child will establish.,363,669
Service southern.,586,0
Yeah send.,658,301
Me whom.,190,659
And lot.,957,868
Different very.,176,24
Executive past.,785,715
Could memory as.,563,654
Song.,17,266
Painting there.,972,113
Trade drop under.,449,764
Energy price affect.,166,879
Movie lot house.,173,370
Late teacher.,598,414
Drive instead.,608,725
Nice among.,660,977
Dream one phone.,360,623
Life save heart.,834,331
Race likely usually.,911,846
Mrs soon concern.,248,96
Draw why.,467,120
Later effort.,486,530
Deal civil.,555,70
Pattern rather understand marriage.,659,337
Red short.,986,361
Argue agency.,178,243
Prevent red special.,488,396
Style prove.,848,242
Consider area very.,438,120
Recently up.,825,861
Ever.,121,726
Home experience cost bar.,890,227
Little quite.,615,986
Both could cause.,520,724
Court.,608,172
Billion likely.,263,749
Material probably father.,455,343
Capital laugh wind.,865,472
Break response.,335,134
Thank without.,56,497
Against garden hot.,32,602
Partner be us determine.,602,72
Answer other sign.,227,55
Include long mind.,72,328
Learn bank art.,342,442
Student ten lay become.,877,354
Result season follow.,198,582
Door prevent yes.,616,108
Lose actually.,142,835
Adult community.,992,584
Analysis material reflect.,884,86
Central skill service.,569,96
Get benefit song discover.,848,983
Later figure get.,274,192
Why shake issue.,797,845
Know.,524,816
Tv effort follow.,769,232
Save pull first.,602,153
Trade big.,957,254
Offer science mean mouth.,781,54
Lead federal cut.,612,684
Huge perhaps.,47,614
Bit stock.,432,879
Whole affect.,339,238
Production become himself.,443,618
Claim when day.,332,277
Majority foreign collection.,750,367
Matter cultural perform.,11,634
Ten reflect election.,252,498
Different very.,724,999
Quickly plan eye.,61,255
Whatever rise.,566,424
Will group.,307,676
Push assume anyone.,191,828
Interview should because.,656,623
Whatever rise.,151,245
A cost.,333,240
Chair.,474,910
Onto half.,274,510
Billion.,333,467
People somebody.,604,922
Explain benefit ball.,227,357
Effort sound move.,787,136
Feel artist hope.,701,32
Style surface.,889,322
Author huge.,488,137
Young before.,70,511
Size size.,47,368
We opportunity information.,103,197
Matter cultural perform.,11,533
Among though involve.,667,439
Computer threat live.,444,666
Live live.,106,355
Them what pretty.,778,614
Prove wife.,8,270
Expect article.,928,800
Cup least.,827,855
Suddenly various left.,764,457
School prove reason.,721,992
National eye top.,74,845
Who look happy.,569,915
Wind can but.,284,317
My none.,153,211
Capital to.,758,497
Determine several.,121,746
Capital to.,434,390
Apply follow.,969,898
Draw why.,542,542
Partner be us determine.,598,746
Factor ahead.,945,232
Cell successful require.,684,875
Here nothing.,369,926
Both could cause.,383,665
Trip hotel.,734,412
Series bank green.,610,644
Board until work.,989,237
Billion.,990,224
Work white argue.,896,802
Movement.,609,299
Lose actually.,642,334
Civil product.,436,467
Member me.,120,615
Style prove.,138,391
Seek.,914,119
Card natural.,282,570
Wife population.,247,256
Church marriage help.,528,697
Finally.,214,655
Term than.,156,97
Though participant.,335,729
Mind west participant.,175,842
Will newspaper government.,552,581
Movie require.,742,194
Lawyer find popular.,511,400
Beyond team sport street.,194,995
Culture fast today.,785,85
Prevent red special.,11,313
Ever.,972,262
Add though edge stay.,118,637
Sure want.,199,619
Forget sell.,366,359
Price spring effect.,342,954
Song finally accept.,250,605
Others.,494,801
Wait return participant.,813,386
Possible and.,54,247
Million next black.,807,389
Know.,444,509
Offer.,461,592
Air water above.,28,198
Someone image nice.,550,908
Fill.,223,811
Deep city including economic.,654,398
Give letter thousand.,101,820
Kitchen quality.,985,181
Three serious responsibility.,573,787
Suffer hotel off.,860,184
Manager outside.,500,659
Line tonight.,612,73
Less.,575,322
War increase.,72,138
Fill.,810,169
Personal among address analysis.,151,658
Get benefit song discover.,907,936
Mother southern.,489,627
Fund stay.,8,945
Article car face.,634,487
Them what pretty.,640,283
New detail detail price.,815,178
Somebody feel herself.,811,134
Move fine.,704,143
Hotel possible.,936,589
Work international.,43,288
Turn however.,2,780
Late teacher.,587,738
Across deal break.,73,8
Full foreign back.,282,517
Reflect conference raise.,87,691
Discuss cold social.,17,152
Mother southern.,388,610
Color law international.,551,746
Throughout happy.,906,896
Service southern.,721,136
Artist decision.,631,973
Let series.,282,114
Lose actually.,162,328
Deal civil.,762,508
Officer concern travel.,62,759
American hear.,100,729
Less.,289,12
Mean tend.,949,336
Central skill service.,437,57
Large front.,838,704
Factor ahead.,21,742
Capital laugh wind.,936,142
Better skill.,242,236
Late lead.,10,154
Machine Mrs about.,313,246
Explain TV list.,658,807
Include land politics.,660,148
Either wide pull.,288,801
Single character.,966,918
Sell center.,252,866
Throw side return.,51,762
Career over.,148,459
Deal.,812,357
Exactly film.,328,501
Knowledge rather.,110,884
Watch.,419,599
Forget sell.,395,947
Voice blood.,99,321
Level us improve.,47,836
Expert tree.,967,843
Yourself ever.,858,233
Section feeling machine.,646,13
Course how power south.,208,502
Offer century road.,151,770
Style prove.,729,112
Allow tell senior.,247,562
Side down become.,18,224
Above right.,375,502
Even wall.,573,309
Service degree according.,147,335
Level us improve.,178,84
Common almost heavy.,108,201
After common many budget.,451,963
Energy discuss those offer.,182,938
Week sit team.,595,253
High trade within.,864,920
Either wide pull.,120,10
Work international.,142,640
Almost degree dark.,263,425
Produce accept deal.,767,137
People magazine.,79,120
Drug listen.,293,936
Major same economy.,966,96
Standard deep through.,350,737
Find economic.,762,517
Institution method firm.,358,566
Matter statement else.,188,485
Morning.,747,548
School wait.,260,896
Among top economic.,355,852
Apply follow.,442,839
Poor worker indicate.,938,332
Nearly able hot.,515,905
Recognize participant.,864,129
Scene scene after.,276,20
Him side benefit.,936,714
Argue agency.,283,43
Recently up.,997,985
Put travel.,961,839
He those reveal.,178,635
Go game.,677,602
Challenge commercial.,563,928
Couple agree.,420,972
Live live.,895,873
Hotel possible.,320,265
Gun feeling food.,711,949
Feel artist hope.,533,38
Protect politics save hair.,767,894
Help agreement may.,627,63
Area across.,194,924
None hold option.,145,317
Really.,61,34
Father improve.,697,670
Think go how.,290,752
Recognize TV majority.,436,684
Exist language dark.,936,183
Ask hold.,29,552
People magazine.,781,653
Find guy plan.,900,710
Six record.,972,118
Enough system.,443,345
Day room.,781,502
Toward sport.,153,482
Similar parent method.,519,925
Play.,540,236
School performance.,846,771
Career over.,520,531
Chance option.,743,789
Individual identify pay.,101,878
Grow draw control worry.,633,710
Will newspaper government.,11,240
Movie lot house.,447,552
Baby guess.,595,229
Because policy where.,762,513
Deal card measure.,561,939
Race.,557,142
Nothing detail notice.,250,871
Sometimes pattern.,389,991
Campaign computer.,333,978
Business.,287,166
Sea these.,307,568
Both could cause.,572,391
Scene vote.,953,932
Day room.,363,867
Why environment office significant.,791,518
Performance itself year.,608,474
Size size.,594,977
Finally read approach.,980,889
Go game.,694,269
Unit today pick.,970,584
Officer concern travel.,892,773
Player within.,92,552
Use.,147,727
Chair.,36,236
Central operation.,258,398
Will newspaper government.,604,585
West Republican.,71,880
Draw why.,769,79
We opportunity information.,467,366
Tv effort follow.,108,690
Hotel near.,224,940
Contain trip your main.,371,404
Discussion clearly.,846,1
Month piece.,561,359
Hit character.,447,41
Seat particular.,969,634
Red degree lose.,992,978
Condition.,398,562
Report.,176,645
Matter cultural perform.,121,840
Light course picture edge.,344,58
Ready thought.,640,847
Throw anything first.,235,47
Rule effect.,42,234
Develop or him.,613,42
Industry vote.,209,759
Degree language final contain.,698,739
Must poor than where.,880,972
Environment stuff.,434,16
Floor growth special she.,959,566
Better skill.,175,663
Interview product dinner country.,908,416
Course religious table.,11,1
Environmental situation.,418,668
Door system.,467,456
Language data.,72,454
Line tonight.,170,525
Business.,734,78
Billion likely.,131,51
Suffer hotel off.,189,972
Her wall.,28,354
Site exist key.,612,738
Recognize participant.,821,815
Explain wear would.,393,670
College note.,657,90
Everyone war modern.,739,243
Me ever on.,314,574
Development.,904,511
Tv effort follow.,363,274
Since traditional.,420,934
Garden certainly these.,35,524
Knowledge rather.,160,532
Generation thank.,939,301
Tv company evening.,824,894
Writer response official.,438,865
All say.,526,440
Institution range maintain.,460,936
Easy black.,335,614
Official.,517,304
Crime morning.,175,780
Majority.,12,833
Cup least.,734,585
Above right.,569,118
Behavior.,38,674
Interesting trip tonight until.,561,532
Enter million.,58,742
Any they attention cold.,406,644
Lot million candidate.,865,114
Sell center.,113,201
Management allow control boy.,698,676
Ok upon.,604,909
Level us improve.,896,337
Day anyone safe.,721,346
Do candidate politics almost.,702,621
Follow similar woman.,604,315
American hear.,101,396
Establish serve.,729,600
Structure sometimes country anyone.,58,663
Against garden hot.,656,570
Size.,762,680
Fear without.,861,782
Condition memory.,769,167
Almost degree dark.,957,410
Despite that.,937,224
Forget only.,151,649
Service them.,688,383
Sure want.,119,89
Finally read approach.,909,533
Store focus.,855,698
Official.,724,504
Check expert.,873,862
Trouble claim.,499,817
National eye top.,436,830
Agency take.,245,136
Hope through.,447,443
Finally leave.,28,10
Student necessary.,912,920
Give letter thousand.,974,471
Argue state.,724,172
Message wrong option.,178,518
Almost customer remain.,305,66
Beat toward.,476,113
Family enjoy.,283,112
First professor director.,371,408
With another art.,229,704
Include long mind.,627,562
Life degree daughter general.,595,31
Carry budget own.,69,18
View these.,131,489
Traditional quickly.,569,627
Raise choose.,224,885
Middle.,480,928
Bill season.,320,403
Mouth nearly.,38,225
Outside without large.,333,756
Draw social which.,807,833
Teach few speech property.,180,665
Yes former field.,787,155
Education term.,313,796
After common many budget.,0,993
Computer threat live.,902,439
View these.,434,404
Board until work.,540,911
Together top bill.,665,245
Though stock.,142,644
Too agent company.,978,889
Tough include history.,721,890
Thus energy box.,776,534
Check expert.,605,235
First politics move.,335,851
Among though involve.,189,309
Ten reflect election.,944,578
Unit today pick.,128,158
Recently understand.,702,696
Increase step player animal.,371,797
Add though edge stay.,434,857
Evening theory live new.,413,266
Get enough center week.,704,598
Put travel.,726,34
More fund way group.,572,177
Since coach situation.,91,828
Conference but.,31,67
Contain trip your main.,410,971
Put travel.,167,87
Garden certainly these.,151,150
Radio include never character.,606,614
Director last role.,612,539
Read look.,254,789
Billion.,616,963
Kitchen quality.,229,715
Result stage pattern million.,184,67
Suggest prove.,212,838
Expert activity so.,579,794
Perform admit.,822,337
Couple home series.,642,406
Change just worker husband.,642,972
Service them.,222,586
Tough international himself must.,92,889
Grow add.,313,490
Appear wife.,714,584
Realize morning.,608,792
Work.,37,170
Avoid institution special.,774,672
Bill trial service.,890,256
Exist inside though.,262,743
Three ten large fine.,352,128
Though participant.,754,419
Board until work.,160,687
Night.,729,241
Among top economic.,931,190
Fish less.,684,530
Property beat mouth.,232,198
Heart rise charge.,535,952
Line tonight.,914,508
Teacher walk.,781,665
Work.,314,574
Despite that.,232,878
Little quite.,569,850
Civil while both.,375,362
Total down.,585,728
Institution method firm.,701,695
Decade three time.,148,713
Officer party suggest.,334,572
Statement nor.,526,908
Treat not.,450,818
Animal general consider method.,743,362
Whose certainly situation this.,252,940
Day room.,101,570
Organization attack.,334,830
Sister third camera.,559,911
Anything model capital.,750,180
Even.,363,25
Better skill.,447,390
Available marriage him boy.,861,121
During of.,252,656
Able lawyer.,12,826
Area dream now.,45,957
Sign.,87,605
Add though edge stay.,32,897
Job describe.,813,186
A beautiful.,734,580
Technology form.,694,412
Central.,175,585
Mention current drop.,410,47
Deal task if.,118,938
Door system.,676,477
Large front.,62,126
Stop inside with.,594,748
Above right.,292,545
Free accept history.,69,368
Hold certainly news.,602,130
Low prepare east.,631,501
Price into interview.,981,934
Little war.,723,381
Claim when day.,18,242
Official.,995,596
Song.,842,533
Far well.,970,648
Any they attention cold.,363,919
Activity.,468,893
Couple agree.,514,550
Each them.,368,61
Amount we attention.,21,226
With order.,732,586
Fear book.,334,444
Left.,579,677
Play.,692,954
Argue state.,262,895
Few development.,177,537
Two administration product.,904,108
Whom contain others.,108,405
Floor growth special she.,568,577
Professional.,758,644
Matter cultural perform.,491,868
Trade rise.,602,785
Movement.,499,896
Position or.,889,322
Thing agency beautiful.,76,942
Building threat bar.,631,342
Outside she himself.,18,54
Number hand last.,153,859
Soon firm sell.,242,358
Environmental situation.,121,628
Majority.,38,608
School wait.,1,403
Deep evidence sell.,929,301
Although when nothing.,42,154
Use.,221,164
Middle PM one.,969,321
Pretty.,147,768
Among top economic.,34,383
Air water above.,812,759
Follow similar woman.,247,826
Early participant direction.,478,553
Time part.,844,675
Red degree lose.,162,231
Find guy plan.,986,332
Development.,472,169
Without real account.,18,553
Night.,29,927
Training foot senior continue.,836,191
Thing agency beautiful.,375,794
Beat toward.,142,588
Fear book.,103,132
Drop think.,864,970
Save him I.,526,484
Continue increase.,201,565
Open make maybe get.,832,138
There ahead behavior.,176,696
Art senior continue value.,574,704
Card natural.,608,885
Civil while both.,594,143
Cell yes leave.,106,339
Play.,514,943
Should cell around eye.,813,359
Its tax reason.,594,777
Fear without.,35,385
Manage maybe little four.,787,427
Call each role.,972,252
Eat challenge.,74,128
Thousand meeting their.,334,721
Training foot senior continue.,161,805
Better skill.,166,291
Little war.,633,523
Think go how.,723,889
Business various technology.,944,580
Throw major rate.,254,114
Garden certainly these.,206,713
White name.,176,818
Little war.,555,579
Deep per.,754,399
Indeed rather once.,905,255
Movement.,657,280
Produce accept deal.,212,788
Fill.,844,124
Morning concern.,411,250
Especially explain usually.,118,701
Follow language present public.,694,89
Everyone war modern.,563,936
Citizen difference.,559,573
Offer century road.,404,632
Style surface.,361,485
Up chair.,540,571
Home experience cost bar.,640,971
Feel risk.,572,308
Style surface.,766,579
Human.,813,432
Guy cover.,274,364
Fund stay.,764,798
Who subject board.,114,581
Day anyone safe.,461,904
Morning personal require.,62,116
Hour type.,873,455
Artist decision.,564,968
Degree difference guess international.,815,207
Left.,803,568
Artist seek.,126,990
Order simple.,810,184
Type nature.,447,52
Life degree daughter general.,197,974
Analysis enough worker.,867,604
Ask test note.,916,774
Machine Mrs about.,614,273
Threat when.,697,353
Light course picture edge.,780,236
Hit actually people.,137,623
Say include.,438,950
Writer response official.,21,112
Tv company evening.,17,691
Day anyone safe.,631,142
That least dinner.,443,553
Technology form.,616,844
Job describe.,644,973
Three serious responsibility.,850,147
Challenge option only.,655,335
Artist seek.,829,300
Half in where.,488,467
Professor six series.,499,616
Break response.,976,204
Argue ready.,734,742
Majority.,813,298
Military challenge.,734,500
More fund way group.,689,524
That least dinner.,147,235
Live seem walk history.,320,273
All say.,997,653
Without real account.,113,676
Choose.,571,289
Movie.,932,958
Human their born.,231,518
Project brother.,113,925
Treat not.,858,218
Over another physical.,520,126
Tend suggest trade.,18,301
Catch director.,418,602
Ok reason give man.,18,462
Bill trial service.,453,103
Ago white successful.,489,474
Necessary keep.,862,184
Recently appear official.,260,64
Show could test.,703,629
Early participant direction.,274,924
Fire claim.,785,277
Race.,553,825
Skill enough seven.,283,295
Really.,167,245
Control.,747,32
There ahead behavior.,836,358
Call each role.,193,882
Race likely usually.,117,455
Too oil.,997,43
Officer concern travel.,221,529
Who subject board.,333,411
Hour scene.,335,991
Really.,985,157
Course far option.,69,92
Both husband.,589,423
That rich.,734,545
Politics form race.,841,791
White name.,223,529
Read real.,62,397
Current blood education.,586,175
Kitchen ask.,879,875
Thousand.,679,383
Key week special.,953,617
Catch director.,668,250
Use.,950,451
Beat toward.,229,682
Sense above action.,167,747
That least dinner.,844,904
More clearly star.,490,380
On who.,61,109
Single head as wide.,368,159
Option natural old.,252,584
Baby guess.,919,227
Remember fear.,221,932
Sure want.,822,370
Win among office learn.,304,994
None hold option.,969,797
Even.,524,222
We once back.,406,468
Me head special.,395,786
Me whom.,697,190
Control.,769,608
Player fight system experience.,554,409
Form let performance.,970,606
Claim when day.,688,769
Degree language final contain.,825,4
Mention.,129,947
Travel window.,320,657
Thousand meeting their.,478,551
Set.,303,712
Water score analysis thank.,151,15
Size.,627,515
Night.,90,273
Yet enter our.,765,809
Care hospital risk.,177,177
Suffer hotel off.,151,750
Machine Mrs about.,480,850
Level us improve.,679,434
Movement.,81,666
Statement evening.,373,733
Seek.,668,541
School performance.,499,93
Campaign.,21,995
Wind can but.,274,279
Standard deep through.,667,857
Material question.,613,600
Before store law.,649,974
Suggest prove.,361,22
Teach few speech property.,957,554
Enter million.,132,857
Light course picture edge.,853,168
Behavior.,530,401
Better skill.,430,858
Hit character.,352,694
Even.,367,732
Into class.,986,9
Break response.,853,822
Significant item message.,429,485
Whose certainly situation this.,335,252
Life save heart.,106,632
Me ever on.,208,455
Night.,313,41
There ahead behavior.,911,550
Tough include history.,314,630
Somebody feel herself.,283,227
Who subject board.,374,204
Yourself ever.,6,311
Player carry.,526,362
Education term.,281,527
Live perhaps little hundred.,568,762
Week sit team.,781,575
Structure sometimes country anyone.,334,33
Race likely usually.,142,862
Term than.,760,723
Discussion clearly.,551,796
Marriage miss.,339,77
Art senior continue value.,821,60
Deep evidence sell.,608,805
Lot million candidate.,175,765
Expert tree.,803,285
Position or.,182,49
Enough system.,108,203
Begin lead lose foot.,106,837
Across deal break.,692,768
Matter security.,138,835
Easy black.,767,831
Throw anything first.,528,963
Time part.,337,139
That rich.,302,483
Position or.,263,138
Force foot race.,420,457
He cause support.,692,913
Get page.,384,137
Father improve.,557,10
Total down.,572,946
Sort.,660,20
Continue own.,197,5
Activity.,933,591
Television rest skill important.,692,76
Tv effort follow.,11,871
Choose.,171,25
Three serious responsibility.,21,638
Agency take.,628,718
Field others their.,526,231
Nice tax nor.,494,117
Amount we attention.,153,44
Human center commercial.,121,606
Him side benefit.,9,159
Night.,74,82
Carry budget own.,361,694
Wind can but.,258,850
Although dark.,307,487
Hold certainly news.,359,854
Operation tonight must.,715,444
Either wide pull.,723,450
Stock.,697,599
Prove truth.,90,711
Region.,559,33
Hit character.,555,796
Occur trial buy.,232,83
Expert tree.,207,875
Collection commercial heavy.,835,301
Million next black.,223,528
No friend according couple.,180,904
Poor worker indicate.,329,943
Return though.,544,591
Surface quite.,729,762
Hope through.,375,366
Open make maybe get.,633,492
Majority.,813,455
Time part.,631,306
Smile money.,818,999
Among top economic.,788,834
When.,969,61
Glass reflect under.,972,246
Program determine shake home.,969,938
Deal civil.,271,884
Factor ahead.,638,135
Call each role.,18,555
Central skill service.,480,691
Suddenly various left.,993,134
Common almost heavy.,665,936
Majority.,502,141
Set.,728,433
Cell successful require.,203,314
Heart teacher will.,555,214
Hour type.,472,351
Follow language present public.,697,514
Hot high might.,598,21
Knowledge rather.,976,2
International bit eight.,579,108
Interesting trip tonight until.,167,635
Both could cause.,229,982
Onto half.,573,414
Central.,323,762
Middle.,902,979
Sister entire two.,704,513
Apply follow.,488,841
Plan them will hundred.,384,227
Control garden hospital.,530,272
Dog throughout.,38,491
A cost.,657,855
Hope through.,491,825
Include land politics.,31,972
Choice.,563,667
Three ten large fine.,945,942
Deep per.,714,30
Ok upon.,551,905
Deal.,566,632
That rich.,503,625
Recognize TV majority.,406,218
Pass.,605,48
Necessary keep.,0,650
Break response.,595,40
Control.,52,846
Line worker.,363,637
Standard deep through.,430,190
Hold certainly news.,151,476
Them work.,14,693
Nice tax nor.,266,833
Show could test.,512,945
Leg affect only.,602,314
Me head special.,447,416
One whom.,550,149
Work international.,167,857
Table understand.,754,259
Everyone war modern.,333,161
Major truth voice.,282,742
Better skill.,555,453
Drug listen.,742,343
Whether pay.,365,279
Else laugh.,640,434
Particularly something pay.,544,377
Learn bank art.,646,819
Still treatment service.,591,877
Manage maybe little four.,395,586
Probably wall well.,610,958
Remember fear.,503,665
Art baby.,794,784
Structure child will establish.,106,411
Yeah send.,295,934
Set.,443,286
Another.,35,961
Will society.,961,116
Heart teacher will.,335,882
Player fight system experience.,254,512
Among though involve.,103,394
Leader performance.,313,916
Interest guy cultural.,167,893
Area put.,640,204
Song.,850,385
Tough international himself must.,491,545
Such probably.,812,425
Number hand last.,31,511
Surface quite.,117,630
Probably how past.,637,576
Statement evening.,206,640
Feel artist hope.,425,450
Environment stuff.,63,92
Beat toward.,313,335
Wait return participant.,733,834
Hope.,767,437
Who official.,676,185
Less.,38,905
Smile money.,254,500
Later effort.,173,367
Computer great tell.,650,875
Beat toward.,138,321
Mention.,986,758
American hear.,328,694
Property seek specific.,307,658
Personal rich.,633,934
Side down become.,880,107
Student.,561,602
Think go how.,411,809
Article car face.,283,430
Kitchen ask.,494,554
Security behind because.,500,879
Thing agency beautiful.,933,897
Appear high stay left.,719,831
Like performance at.,762,708
Somebody feel herself.,47,560
Common almost heavy.,320,285
Check.,812,721
Less.,865,765
Pass.,355,11
Put travel.,834,893
Order magazine people.,957,117
Save him I.,572,475
Card natural.,175,178
Provide.,160,227
Field program keep.,254,664
Month its during wall.,551,770
Few development.,602,437
Claim spring his.,337,486
Three ten large fine.,499,968
Control garden hospital.,575,384
Drug listen.,174,825
Later figure get.,578,293
Service degree according.,822,876
Read real.,981,830
Stay course.,608,387
Lose site reflect.,572,546
Father improve.,99,33
Travel day play.,328,97
According thank.,291,241
Human their born.,299,196
Long at five.,928,516
Report.,914,777
Role bank.,646,699
Score front.,373,752
Up chair.,544,181
Site exist key.,17,223
Middle PM one.,76,782
Use.,805,658
Stage natural.,613,764
Break response.,366,800
Score front.,38,90
Mrs soon concern.,587,972
Seat particular.,71,368
Here nothing.,383,461
Nice left above.,594,390
Threat fire.,284,970
During house.,613,247
Trouble claim.,703,884
Tend character.,980,357
Forget only.,449,198
Lot art.,335,479
Throw side return.,571,595
House cause force.,644,372
Even wall.,21,204
Mention current drop.,423,235
Against garden hot.,542,291
Explain serve.,254,244
Claim when day.,207,344
System consider friend.,935,52
Little war.,134,654
Bill season.,797,661
Worker since want.,631,472
Different very.,217,88
Chair.,889,226
Sure want.,684,64
Air water above.,644,246
Throw concern.,193,383
Kitchen ask.,461,852
Quickly plan eye.,891,806
Especially level allow them.,530,650
Run fight.,891,936
Story natural.,263,710
Career item hold.,810,221
Condition memory.,976,829
Plan claim scientist.,173,472
That bag listen happy.,938,784
Possible and.,302,627
Little quite.,594,718
Into class.,535,863
Activity fear many.,452,88
Huge attention start.,59,253
Pattern rather understand marriage.,703,34
Million next black.,79,933
Prevent red special.,216,534
During house.,520,668
Young before.,945,52
Standard deep through.,235,890
Worker since want.,388,256
Even.,436,489
Claim when day.,320,240
Technology form.,844,458
Bad mother wear.,893,376
Newspaper line would paper.,418,902
Nature education.,146,565
Some husband give alone.,640,905
Read real.,687,751
Color law international.,697,890
Long at five.,434,365
Generation thank.,499,551
Possible and.,655,575
Before store law.,677,733
Different very.,643,804
Buy it commercial.,212,693
Approach argue.,227,172
Call each role.,86,278
National eye top.,496,461
Probably wall well.,615,983
Half about gas.,724,32
Ready thought.,378,51
South back.,287,123
Future find.,933,205
Bad mother wear.,526,918
Adult community.,106,654
Building race.,79,817
Future find.,395,457
Mrs soon concern.,769,957
Energy price affect.,413,525
Nearly able hot.,721,799
Far well.,194,534
Small huge race late.,691,521
Work international.,333,872
Entire carry.,550,773
Matter security.,526,675
Walk affect.,542,310
Buy pretty key.,214,670
Type nature.,616,776
Church treatment.,972,820
Future find.,456,266
Into class.,74,527
Explain TV list.,774,97
Partner be us determine.,344,650
Candidate already success.,302,736
Amount somebody those voice.,701,631
Space eye since.,676,347
Window carry.,557,350
Material probably father.,400,135
Consider wrong inside mention.,928,605
Floor growth special she.,765,212
Know statement.,499,536
Read look.,907,72
Nature in not.,499,531
Party.,333,899
Such probably.,54,896
Executive past.,813,272
Author huge.,360,390
Catch director.,254,10
According thank.,305,264
Race likely usually.,142,911
War increase.,900,789
Training foot senior continue.,268,868
Suffer green.,454,386
Admit sit how.,715,333
Later effort.,602,498
Institution range maintain.,995,937
Amount somebody those voice.,451,242
Life save heart.,791,844
Challenge commercial.,526,519
Baby guess.,363,918
Pattern rather understand marriage.,621,153
Performance itself year.,561,883
Hit character.,907,12
Control garden hospital.,906,898
Buy pretty key.,500,40
Performance itself year.,677,590
Fund throw.,117,825
Situation these.,264,541
Each them.,372,446
Claim hotel sea.,705,665
Opportunity step history.,643,380
Teach few speech property.,976,89
Small huge race late.,561,786
Industry determine.,293,817
Put.,807,212
Common almost heavy.,993,615
Late.,126,37
Say include.,404,697
Return though.,346,809
Here nothing.,764,515
Bill trial service.,109,470
Scene vote.,31,537
Expert tree.,658,887
Beyond team sport street.,146,203
Whom contain others.,162,40
Painting page.,117,443
Call each role.,477,391
Country bit.,540,725
Enough system.,612,784
Expect article.,578,981
Half about gas.,384,134
Across deal break.,394,222
Structure sometimes country anyone.,574,286
Let option meeting.,398,424
American hear.,945,424
Particular citizen edge.,781,847
Image when capital.,437,90
Surface finish watch responsibility.,384,783
Player carry.,719,93
Court.,14,494
Field program keep.,703,705
Should cell around eye.,564,539
Together travel within.,634,781
Field others their.,750,650
Section feeling machine.,121,508
Certain blood.,477,316
Offer.,499,239
Certain party nothing.,0,554
Challenge commercial.,627,717
Sister entire two.,428,930
Student ten lay become.,765,178
Red degree lose.,937,137
Man choose.,284,272
Light course picture edge.,282,956
Series bank green.,779,720
Mind west participant.,555,213
Traditional these.,299,43
Deep per.,335,753
Send rock.,117,903
Wall fight story important.,570,550
High leave.,808,993
Small painting.,375,126
Huge perhaps.,890,762
Develop ready.,521,114
Go game.,591,981
Move fine.,637,166
Party.,190,252
Size.,688,250
Mention current drop.,552,649
Return account campaign.,589,445
Compare quickly.,911,381
Song.,543,779
Artist decision.,765,294
Evening theory live new.,679,496
Offer science mean mouth.,230,280
Bad mother wear.,936,130
Score front.,335,816
Here nothing.,243,982
Claim when day.,721,133
Material probably father.,640,79
Expert activity so.,69,894
Free above.,437,607
American especially last.,966,819
Term than.,400,885
Late lead.,665,237
Safe soldier hair.,667,200
Will group.,754,366
Like performance at.,432,838
Again note every.,207,158
Professor threat.,572,295
Day.,514,694
Series bank green.,53,768
Wall rise wife.,384,757
Property seek specific.,436,657
Movie lot house.,263,838
Race represent shoulder.,876,703
Poor worker indicate.,148,921
Friend dark indicate.,11,744
Language data.,255,446
Million leave likely.,542,678
Fear without.,512,544
Father four.,221,237
Reflect conference raise.,890,807
Take show.,990,352
Include land politics.,289,825
Worker television.,612,804
Seek.,227,822
Movie require.,739,599
Care bill.,960,514
He those reveal.,929,472
Interest pressure.,252,882
Some husband give alone.,72,403
Red degree lose.,588,753
Care according.,382,134
Artist decision.,948,431
Light name.,613,431
On very training.,900,390
Nothing.,891,688
Safe soldier hair.,573,389
Me whom.,437,949
Management allow control boy.,838,550
Computer threat live.,502,697
A cost.,334,968
Himself opportunity list.,176,430
Whatever rise.,944,992
Business various technology.,543,994
Interest pressure.,575,240
Statement nor.,625,316
Yourself ever.,350,108
View these.,92,367
Truth realize.,526,717
Since deal affect.,375,763
Watch budget also.,281,144
Table measure base.,571,378
Garden certainly these.,375,37
Gun feeling food.,993,565
Late.,171,720
Offer assume.,449,434
Certain prevent.,528,915
Trip hotel.,734,713
Agency take.,184,574
Half about gas.,528,646
Run fight.,61,932
Offer assume.,617,624
Military challenge.,903,742
Necessary keep.,813,328
Any they attention cold.,79,229
Protect politics save hair.,948,764
Condition.,35,70
Program reach up despite.,781,718
Term give defense.,360,771
Race manager.,656,664
Particular citizen edge.,233,664
Debate over book.,997,940
Line worker.,197,605
Expert activity so.,289,185
Throw anything first.,324,873
Official.,361,692
Ago white successful.,520,271
Voice cause the.,248,585
Indicate another.,608,811
Partner be us determine.,467,674
Increase ok finish leave.,56,535
Director last role.,499,405
Yes former field.,975,595
Civil product.,627,633
Offer century road.,638,673
Little quite.,420,459
Field program keep.,221,766
Culture fast today.,242,305
Three ten large fine.,884,138
Pretty.,284,614
Expert activity so.,704,655
Development laugh.,595,482
Play.,430,563
Let series.,887,442
Deal task if.,344,984
Occur trial buy.,760,252
Go game.,550,66
Billion.,175,593
Nature in not.,580,392
Stop inside with.,267,728
Series bank green.,167,19
Free above.,658,34
Lose actually.,449,206
South back.,214,769
Trade drop under.,216,479
Area dream now.,970,607
Both husband.,143,523
Production become himself.,829,154
Fear book.,860,971
Must poor than where.,825,541
Develop or him.,683,568
Answer other sign.,825,238
Option walk.,579,75
Man.,368,276
Do candidate politics almost.,961,886
Executive individual.,229,630
Degree difference guess international.,100,989
Short will piece end.,530,357
Nothing.,633,673
Claim when day.,555,854
Deal card measure.,657,947
Million next black.,723,850
Partner be us determine.,688,170
Report.,948,697
Full week provide.,121,837
Let option meeting.,335,911
Board until work.,520,958
Feel resource.,640,14
Enter million.,714,531
Matter statement else.,887,843
Leg affect only.,909,6
Play.,3,379
Area put.,173,48
Without real account.,788,607
White name.,106,865
Establish serve.,609,560
Later effort.,314,789
Crime morning.,271,194
Morning personal require.,108,127
Manage maybe little four.,725,762
Player carry.,612,201
Lawyer find popular.,893,402
Care according.,128,471
Fear without.,551,136
Machine Mrs about.,939,219
Trip hotel.,711,395
Truth realize.,366,482
Own ready treatment job.,900,471
Avoid institution special.,905,322
Forget sell.,602,511
Recently understand.,112,512
Indeed rather once.,369,650
Television rest skill important.,683,461
Compare quickly.,404,551
Sister third camera.,602,770
To whether.,79,127
Throw anything first.,167,195
Meeting air.,38,391
Option natural old.,900,800
Bank floor really.,621,120
Choice.,654,848
Hour type.,8,829
Certain prevent.,284,907
