utilisateur,sujet,date_h
michael17,window,2023-05-24 23:53:57.799745
staceyrodriguez,character,2024-03-28 23:58:31.730538
sergiodawson,similar,2024-01-31 16:10:30.142011
colin59,particular,2023-05-13 15:50:52.213748
burchdebbie,doctor,2024-03-21 18:28:32.666890
danielwolf,model,2024-04-20 01:28:00.134073
kathryn27,maybe,2023-05-14 16:44:23.211327
vbenitez,doctor,2024-04-24 22:43:36.793420
coleelizabeth,letter,2024-03-07 23:47:52.728316
ksmith,employee,2023-10-03 16:09:19.716382
tammy51,glass,2023-07-11 23:42:26.657304
gstewart,notice,2023-09-09 19:05:22.137703
whitakeradam,national,2023-08-27 19:02:15.456719
markestes,understand,2023-07-18 12:15:10.315825
seanknight,industry,2023-09-28 10:45:00.613323
misty61,responsibility,2024-04-17 17:54:27.666644
joycejohn,some,2024-03-07 01:48:56.801434
gstewart,box,2023-09-20 16:08:18.118514
thomas76,program,2023-10-28 07:06:11.415100
wrightjason,doctor,2023-07-16 19:55:18.435837
vbenitez,interview,2023-09-26 06:46:56.811257
staceyrodriguez,citizen,2023-12-21 06:45:17.397954
jonesricardo,defense,2023-10-29 23:36:56.632478
sydneylee,gas,2023-06-15 08:01:18.602171
mary75,information,2024-03-01 15:59:21.923482
sergiodawson,rich,2023-09-05 04:32:25.080549
keith63,including,2024-04-04 08:49:18.467466
allenjenna,interview,2023-06-09 19:41:55.109268
randolphmelanie,leader,2023-05-21 20:08:22.910475
